<annotation>
	<folder>面</folder>
	<filename>area_00001246.bmp</filename>
	<path>D:\BaiduNetdiskDownload\hanbo_recheck\ng_1105\面\area_00001246.bmp</path>
	<source>
		<database>Unknown</database>
	</source>
	<size>
		<width>224</width>
		<height>224</height>
		<depth>1</depth>
	</size>
	<segmented>0</segmented>
	<object>
		<name>area</name>
		<pose>Unspecified</pose>
		<truncated>0</truncated>
		<difficult>0</difficult>
		<bndbox>
			<xmin>7</xmin>
			<ymin>69</ymin>
			<xmax>70</xmax>
			<ymax>120</ymax>
		</bndbox>
	</object>
</annotation>
